eve_snr_offset_db,mean_corr_ae,mean_risk_score,risk_class
-10.0,0.20984153463277913,0.2579872654842363,LOW
-5.0,0.22305043652629597,0.2866690731466705,LOW
0.0,0.22620451299232275,0.33053783747702253,LOW
5.0,0.2182498202314485,0.3669844561581621,MEDIUM
10.0,0.2236487557755817,0.38514395819851655,MEDIUM
